{"stats":{"minecraft:dropped":{"alexsmobs:animal_dictionary":1},"minecraft:mined":{"minecraft:grass_block":1,"minecraft:dirt":1},"minecraft:used":{"minecraft:torch":7,"minecraft:dirt":1,"minecraft:flint_and_steel":329,"minecraft:lantern":8,"minecraft:grass_block":4436,"minecraft:stone":5},"minecraft:picked_up":{"minecraft:wheat_seeds":60,"byg:red_oak_sapling":2,"byg:tall_pink_allium":19,"byg:tall_allium":22,"byg:allium_flower_bush":38,"byg:pink_allium_flower_bush":169,"minecraft:dirt":2},"minecraft:custom":{"minecraft:time_since_rest":110250,"minecraft:play_one_minute":110250,"minecraft:crouch_one_cm":8419,"minecraft:sprint_one_cm":93859,"minecraft:walk_one_cm":449985,"minecraft:sneak_time":5871,"minecraft:drop":1,"minecraft:jump":663,"minecraft:leave_game":2,"minecraft:time_since_death":110250,"minecraft:fly_one_cm":1017402}},"DataVersion":2586}